Keys References	Description	Occurances of the key	Error Message
sunbird_azure_account_name | sunbird_azure_account_key	These keys are used in  zure.createBlobService method 	/SunbirdEd-portal/src/app/helpers/desktopCrashReporter.js | /SunbirdEd-portal/src/app/helpers/reportHelper.js | /SunbirdEd-portal/src/app/helpers/cloudStorage/AzureStorageService.js	{"channel":"sunbird","date":"Thu Oct 27 2022 12:02:33 GMT+0530 (India Standard Time)","env":"local.sunbird.portal","error":{"message":"Credentials must be provided when creating a service client.","stack":"Error: Credentials must be provided when creating a service client.\n    at Function.StorageServiceSettings.createFromEnvironment (/SunbirdEd-portal/src/app/node_modules/azure-storage/lib/common/services/storageservicesettings.js:182:9)\n    at Function.StorageServiceClient.getStorageSettings (/SunbirdEd-portal/src/app/node_modules/azure-storage/lib/common/services/storageserviceclient.js:925:53)\n    at new BlobService (/SunbirdEd-portal/src/app/node_modules/azure-storage/lib/services/blob/blobservice.core.js:103:53)\n    at Object.exports.createBlobService (/SunbirdEd-portal/src/app/node_modules/azure-storage/lib/azure-storage.js:98:10)\n    at Object.<anonymous> (/SunbirdEd-portal/src/app/helpers/cloudStorage/AzureStorageService.js:12:35)\n    at Module._compile (node:internal/modules/cjs/loader:1155:14)\n    at Object.Module._extensions..js (node:internal/modules/cjs/loader:1209:10)\n    at Module.load (node:internal/modules/cjs/loader:1033:32)\n    at Function.Module._load (node:internal/modules/cjs/loader:868:12)\n    at Module.require (node:internal/modules/cjs/loader:1057:19)\n    at require (node:internal/modules/cjs/helpers:103:18)\n    at Object.<anonymous> (/SunbirdEd-portal/src/app/helpers/cloudStorage/index.js:10:30)\n    at Module._compile (node:internal/modules/cjs/loader:1155:14)\n    at Object.Module._extensions..js (node:internal/modules/cjs/loader:1209:10)\n    at Module.load (node:internal/modules/cjs/loader:1033:32)\n    at Function.Module._load (node:internal/modules/cjs/loader:868:12)\n    at Module.require (node:internal/modules/cjs/loader:1057:19)\n    at require (node:internal/modules/cjs/helpers:103:18)\n    at Object.<anonymous> (/SunbirdEd-portal/src/app/helpers/resourceBundleHelper.js:5:27)\n    at Module._compile (node:internal/modules/cjs/loader:1155:14)\n    at Object.Module._extensions..js (node:internal/modules/cjs/loader:1209:10)\n    at Module.load (node:internal/modules/cjs/loader:1033:32)"},"exception":true,"level":"error","message":"uncaughtException: Credentials must be provided when creating a service client.\nError: Credentials must be provided when creating a service client.\n    at Function.StorageServiceSettings.createFromEnvironment (/SunbirdEd-portal/src/app/node_modules/azure-storage/lib/common/services/storageservicesettings.js:182:9)\n    at Function.StorageServiceClient.getStorageSettings (/SunbirdEd-portal/src/app/node_modules/azure-storage/lib/common/services/storageserviceclient.js:925:53)\n    at new BlobService (/SunbirdEd-portal/src/app/node_modules/azure-storage/lib/services/blob/blobservice.core.js:103:53)\n    at Object.exports.createBlobService (/SunbirdEd-portal/src/app/node_modules/azure-storage/lib/azure-storage.js:98:10)\n    at Object.<anonymous> (/SunbirdEd-portal/src/app/helpers/cloudStorage/AzureStorageService.js:12:35)\n    at Module._compile (node:internal/modules/cjs/loader:1155:14)\n    at Object.Module._extensions..js (node:internal/modules/cjs/loader:1209:10)\n    at Module.load (node:internal/modules/cjs/loader:1033:32)\n    at Function.Module._load (node:internal/modules/cjs/loader:868:12)\n    at Module.require (node:internal/modules/cjs/loader:1057:19)\n    at require (node:internal/modules/cjs/helpers:103:18)\n    at Object.<anonymous> (/SunbirdEd-portal/src/app/helpers/cloudStorage/index.js:10:30)\n    at Module._compile (node:internal/modules/cjs/loader:1155:14)\n    at Object.Module._extensions..js (node:internal/modules/cjs/loader:1209:10)\n    at Module.load (node:internal/modules/cjs/loader:1033:32)\n    at Function.Module._load (node:internal/modules/cjs/loader:868:12)\n    at Module.require (node:internal/modules/cjs/loader:1057:19)\n    at require (node:internal/modules/cjs/helpers:103:18)\n    at Object.<anonymous> (/SunbirdEd-portal/src/app/helpers/resourceBundleHelper.js:5:27)\n    at Module._compile (node:internal/modules/cjs/loader:1155:14)\n    at Object.Module._extensions..js (node:internal/modules/cjs/loader:1209:10)\n    at Module.load (node:internal/modules/cjs/loader:1033:32)","os":{"loadavg":[1.43,0.71,0.43],"uptime":151629.6},"pdata":{"id":"local.sunbird.portal","pid":"sunbird-portal-backend","ver":"5.0.2"},"process":{"argv":["/snap/node/6800/bin/node","/SunbirdEd-portal/src/app/server"],"cwd":"/SunbirdEd-portal/src/app","execPath":"/snap/node/6800/bin/node","gid":1000,"memoryUsage":{"arrayBuffers":4337383,"external":7670481,"heapTotal":108691456,"heapUsed":86807272,"rss":164495360},"pid":113240,"uid":1000,"version":"v16.18.0"},"stack":"Error: Credentials must be provided when creating a service client.\n    at Function.StorageServiceSettings.createFromEnvironment (/SunbirdEd-portal/src/app/node_modules/azure-storage/lib/common/services/storageservicesettings.js:182:9)\n    at Function.StorageServiceClient.getStorageSettings (/SunbirdEd-portal/src/app/node_modules/azure-storage/lib/common/services/storageserviceclient.js:925:53)\n    at new BlobService (/SunbirdEd-portal/src/app/node_modules/azure-storage/lib/services/blob/blobservice.core.js:103:53)\n    at Object.exports.createBlobService (/SunbirdEd-portal/src/app/node_modules/azure-storage/lib/azure-storage.js:98:10)\n    at Object.<anonymous> (/SunbirdEd-portal/src/app/helpers/cloudStorage/AzureStorageService.js:12:35)\n    at Module._compile (node:internal/modules/cjs/loader:1155:14)\n    at Object.Module._extensions..js (node:internal/modules/cjs/loader:1209:10)\n    at Module.load (node:internal/modules/cjs/loader:1033:32)\n    at Function.Module._load (node:internal/modules/cjs/loader:868:12)\n    at Module.require (node:internal/modules/cjs/loader:1057:19)\n    at require (node:internal/modules/cjs/helpers:103:18)\n    at Object.<anonymous> (/SunbirdEd-portal/src/app/helpers/cloudStorage/index.js:10:30)\n    at Module._compile (node:internal/modules/cjs/loader:1155:14)\n    at Object.Module._extensions..js (node:internal/modules/cjs/loader:1209:10)\n    at Module.load (node:internal/modules/cjs/loader:1033:32)\n    at Function.Module._load (node:internal/modules/cjs/loader:868:12)\n    at Module.require (node:internal/modules/cjs/loader:1057:19)\n    at require (node:internal/modules/cjs/helpers:103:18)\n    at Object.<anonymous> (/SunbirdEd-portal/src/app/helpers/resourceBundleHelper.js:5:27)\n    at Module._compile (node:internal/modules/cjs/loader:1155:14)\n    at Object.Module._extensions..js (node:internal/modules/cjs/loader:1209:10)\n    at Module.load (node:internal/modules/cjs/loader:1033:32)","timestamp":"2022-10-27 12:02:33","trace":[{"column":9,"file":"/SunbirdEd-portal/src/app/node_modules/azure-storage/lib/common/services/storageservicesettings.js","function":"Function.StorageServiceSettings.createFromEnvironment","line":182,"method":"createFromEnvironment","native":false},{"column":53,"file":"/SunbirdEd-portal/src/app/node_modules/azure-storage/lib/common/services/storageserviceclient.js","function":"Function.StorageServiceClient.getStorageSettings","line":925,"method":"getStorageSettings","native":false},{"column":53,"file":"/SunbirdEd-portal/src/app/node_modules/azure-storage/lib/services/blob/blobservice.core.js","function":"new BlobService","line":103,"method":null,"native":false},{"column":10,"file":"/SunbirdEd-portal/src/app/node_modules/azure-storage/lib/azure-storage.js","function":"Object.exports.createBlobService","line":98,"method":"createBlobService","native":false},{"column":35,"file":"/SunbirdEd-portal/src/app/helpers/cloudStorage/AzureStorageService.js","function":null,"line":12,"method":null,"native":false},{"column":14,"file":"node:internal/modules/cjs/loader","function":"Module._compile","line":1155,"method":"_compile","native":false},{"column":10,"file":"node:internal/modules/cjs/loader","function":"Module._extensions..js","line":1209,"method":".js","native":false},{"column":32,"file":"node:internal/modules/cjs/loader","function":"Module.load","line":1033,"method":"load","native":false},{"column":12,"file":"node:internal/modules/cjs/loader","function":"Module._load","line":868,"method":"_load","native":false},{"column":19,"file":"node:internal/modules/cjs/loader","function":"Module.require","line":1057,"method":"require","native":false},{"column":18,"file":"node:internal/modules/cjs/helpers","function":"require","line":103,"method":null,"native":false},{"column":30,"file":"/SunbirdEd-portal/src/app/helpers/cloudStorage/index.js","function":null,"line":10,"method":null,"native":false},{"column":14,"file":"node:internal/modules/cjs/loader","function":"Module._compile","line":1155,"method":"_compile","native":false},{"column":10,"file":"node:internal/modules/cjs/loader","function":"Module._extensions..js","line":1209,"method":".js","native":false},{"column":32,"file":"node:internal/modules/cjs/loader","function":"Module.load","line":1033,"method":"load","native":false},{"column":12,"file":"node:internal/modules/cjs/loader","function":"Module._load","line":868,"method":"_load","native":false},{"column":19,"file":"node:internal/modules/cjs/loader","function":"Module.require","line":1057,"method":"require","native":false},{"column":18,"file":"node:internal/modules/cjs/helpers","function":"require","line":103,"method":null,"native":false},{"column":27,"file":"/SunbirdEd-portal/src/app/helpers/resourceBundleHelper.js","function":null,"line":5,"method":null,"native":false},{"column":14,"file":"node:internal/modules/cjs/loader","function":"Module._compile","line":1155,"method":"_compile","native":false},{"column":10,"file":"node:internal/modules/cjs/loader","function":"Module._extensions..js","line":1209,"method":".js","native":false},{"column":32,"file":"node:internal/modules/cjs/loader","function":"Module.load","line":1033,"method":"load","native":false}]}
sunbird_aws_region	This key is used in creating new AWS S3 Client in /SunbirdEd-portal/src/app/helpers/cloudStorage/AWSStorageService.js	/SunbirdEd-portal/src/app/helpers/cloudStorage/AWSStorageService.js	{"channel":"sunbird","date":"Thu Oct 27 2022 12:39:31 GMT+0530 (India Standard Time)","env":"local.sunbird.portal","error":{"message":"Region is missing","stack":"Error: Region is missing\n    at resolveRegionConfig (/SunbirdEd-portal/src/app/node_modules/@aws-sdk/config-resolver/dist-cjs/regionConfig/resolveRegionConfig.js:9:15)\n    at new S3Client (/SunbirdEd-portal/src/app/node_modules/@aws-sdk/client-s3/dist-cjs/S3Client.js:23:69)\n    at Object.<anonymous> (/SunbirdEd-portal/src/app/helpers/cloudStorage/AWSStorageService.js:23:29)\n    at Module._compile (node:internal/modules/cjs/loader:1155:14)\n    at Object.Module._extensions..js (node:internal/modules/cjs/loader:1209:10)\n    at Module.load (node:internal/modules/cjs/loader:1033:32)\n    at Function.Module._load (node:internal/modules/cjs/loader:868:12)\n    at Module.require (node:internal/modules/cjs/loader:1057:19)\n    at require (node:internal/modules/cjs/helpers:103:18)\n    at Object.<anonymous> (/SunbirdEd-portal/src/app/helpers/cloudStorage/index.js:11:30)\n    at Module._compile (node:internal/modules/cjs/loader:1155:14)\n    at Object.Module._extensions..js (node:internal/modules/cjs/loader:1209:10)\n    at Module.load (node:internal/modules/cjs/loader:1033:32)\n    at Function.Module._load (node:internal/modules/cjs/loader:868:12)\n    at Module.require (node:internal/modules/cjs/loader:1057:19)\n    at require (node:internal/modules/cjs/helpers:103:18)\n    at Object.<anonymous> (/SunbirdEd-portal/src/app/helpers/resourceBundleHelper.js:5:27)\n    at Module._compile (node:internal/modules/cjs/loader:1155:14)\n    at Object.Module._extensions..js (node:internal/modules/cjs/loader:1209:10)\n    at Module.load (node:internal/modules/cjs/loader:1033:32)\n    at Function.Module._load (node:internal/modules/cjs/loader:868:12)\n    at Module.require (node:internal/modules/cjs/loader:1057:19)"},"exception":true,"level":"error","message":"uncaughtException: Region is missing\nError: Region is missing\n    at resolveRegionConfig (/SunbirdEd-portal/src/app/node_modules/@aws-sdk/config-resolver/dist-cjs/regionConfig/resolveRegionConfig.js:9:15)\n    at new S3Client (/SunbirdEd-portal/src/app/node_modules/@aws-sdk/client-s3/dist-cjs/S3Client.js:23:69)\n    at Object.<anonymous> (/SunbirdEd-portal/src/app/helpers/cloudStorage/AWSStorageService.js:23:29)\n    at Module._compile (node:internal/modules/cjs/loader:1155:14)\n    at Object.Module._extensions..js (node:internal/modules/cjs/loader:1209:10)\n    at Module.load (node:internal/modules/cjs/loader:1033:32)\n    at Function.Module._load (node:internal/modules/cjs/loader:868:12)\n    at Module.require (node:internal/modules/cjs/loader:1057:19)\n    at require (node:internal/modules/cjs/helpers:103:18)\n    at Object.<anonymous> (/SunbirdEd-portal/src/app/helpers/cloudStorage/index.js:11:30)\n    at Module._compile (node:internal/modules/cjs/loader:1155:14)\n    at Object.Module._extensions..js (node:internal/modules/cjs/loader:1209:10)\n    at Module.load (node:internal/modules/cjs/loader:1033:32)\n    at Function.Module._load (node:internal/modules/cjs/loader:868:12)\n    at Module.require (node:internal/modules/cjs/loader:1057:19)\n    at require (node:internal/modules/cjs/helpers:103:18)\n    at Object.<anonymous> (/SunbirdEd-portal/src/app/helpers/resourceBundleHelper.js:5:27)\n    at Module._compile (node:internal/modules/cjs/loader:1155:14)\n    at Object.Module._extensions..js (node:internal/modules/cjs/loader:1209:10)\n    at Module.load (node:internal/modules/cjs/loader:1033:32)\n    at Function.Module._load (node:internal/modules/cjs/loader:868:12)\n    at Module.require (node:internal/modules/cjs/loader:1057:19)","os":{"loadavg":[1.39,0.76,0.68],"uptime":153847.24},"pdata":{"id":"local.sunbird.portal","pid":"sunbird-portal-backend","ver":"5.0.2"},"process":{"argv":["/snap/node/6800/bin/node","/SunbirdEd-portal/src/app/server"],"cwd":"/SunbirdEd-portal/src/app","execPath":"/snap/node/6800/bin/node","gid":1000,"memoryUsage":{"arrayBuffers":3744938,"external":11142364,"heapTotal":120528896,"heapUsed":91455968,"rss":180076544},"pid":114975,"uid":1000,"version":"v16.18.0"},"stack":"Error: Region is missing\n    at resolveRegionConfig (/SunbirdEd-portal/src/app/node_modules/@aws-sdk/config-resolver/dist-cjs/regionConfig/resolveRegionConfig.js:9:15)\n    at new S3Client (/SunbirdEd-portal/src/app/node_modules/@aws-sdk/client-s3/dist-cjs/S3Client.js:23:69)\n    at Object.<anonymous> (/SunbirdEd-portal/src/app/helpers/cloudStorage/AWSStorageService.js:23:29)\n    at Module._compile (node:internal/modules/cjs/loader:1155:14)\n    at Object.Module._extensions..js (node:internal/modules/cjs/loader:1209:10)\n    at Module.load (node:internal/modules/cjs/loader:1033:32)\n    at Function.Module._load (node:internal/modules/cjs/loader:868:12)\n    at Module.require (node:internal/modules/cjs/loader:1057:19)\n    at require (node:internal/modules/cjs/helpers:103:18)\n    at Object.<anonymous> (/SunbirdEd-portal/src/app/helpers/cloudStorage/index.js:11:30)\n    at Module._compile (node:internal/modules/cjs/loader:1155:14)\n    at Object.Module._extensions..js (node:internal/modules/cjs/loader:1209:10)\n    at Module.load (node:internal/modules/cjs/loader:1033:32)\n    at Function.Module._load (node:internal/modules/cjs/loader:868:12)\n    at Module.require (node:internal/modules/cjs/loader:1057:19)\n    at require (node:internal/modules/cjs/helpers:103:18)\n    at Object.<anonymous> (/SunbirdEd-portal/src/app/helpers/resourceBundleHelper.js:5:27)\n    at Module._compile (node:internal/modules/cjs/loader:1155:14)\n    at Object.Module._extensions..js (node:internal/modules/cjs/loader:1209:10)\n    at Module.load (node:internal/modules/cjs/loader:1033:32)\n    at Function.Module._load (node:internal/modules/cjs/loader:868:12)\n    at Module.require (node:internal/modules/cjs/loader:1057:19)","timestamp":"2022-10-27 12:39:31","trace":[{"column":15,"file":"/SunbirdEd-portal/src/app/node_modules/@aws-sdk/config-resolver/dist-cjs/regionConfig/resolveRegionConfig.js","function":"resolveRegionConfig","line":9,"method":null,"native":false},{"column":69,"file":"/SunbirdEd-portal/src/app/node_modules/@aws-sdk/client-s3/dist-cjs/S3Client.js","function":"new S3Client","line":23,"method":null,"native":false},{"column":29,"file":"/SunbirdEd-portal/src/app/helpers/cloudStorage/AWSStorageService.js","function":null,"line":23,"method":null,"native":false},{"column":14,"file":"node:internal/modules/cjs/loader","function":"Module._compile","line":1155,"method":"_compile","native":false},{"column":10,"file":"node:internal/modules/cjs/loader","function":"Module._extensions..js","line":1209,"method":".js","native":false},{"column":32,"file":"node:internal/modules/cjs/loader","function":"Module.load","line":1033,"method":"load","native":false},{"column":12,"file":"node:internal/modules/cjs/loader","function":"Module._load","line":868,"method":"_load","native":false},{"column":19,"file":"node:internal/modules/cjs/loader","function":"Module.require","line":1057,"method":"require","native":false},{"column":18,"file":"node:internal/modules/cjs/helpers","function":"require","line":103,"method":null,"native":false},{"column":30,"file":"/SunbirdEd-portal/src/app/helpers/cloudStorage/index.js","function":null,"line":11,"method":null,"native":false},{"column":14,"file":"node:internal/modules/cjs/loader","function":"Module._compile","line":1155,"method":"_compile","native":false},{"column":10,"file":"node:internal/modules/cjs/loader","function":"Module._extensions..js","line":1209,"method":".js","native":false},{"column":32,"file":"node:internal/modules/cjs/loader","function":"Module.load","line":1033,"method":"load","native":false},{"column":12,"file":"node:internal/modules/cjs/loader","function":"Module._load","line":868,"method":"_load","native":false},{"column":19,"file":"node:internal/modules/cjs/loader","function":"Module.require","line":1057,"method":"require","native":false},{"column":18,"file":"node:internal/modules/cjs/helpers","function":"require","line":103,"method":null,"native":false},{"column":27,"file":"/SunbirdEd-portal/src/app/helpers/resourceBundleHelper.js","function":null,"line":5,"method":null,"native":false},{"column":14,"file":"node:internal/modules/cjs/loader","function":"Module._compile","line":1155,"method":"_compile","native":false},{"column":10,"file":"node:internal/modules/cjs/loader","function":"Module._extensions..js","line":1209,"method":".js","native":false},{"column":32,"file":"node:internal/modules/cjs/loader","function":"Module.load","line":1033,"method":"load","native":false},{"column":12,"file":"node:internal/modules/cjs/loader","function":"Module._load","line":868,"method":"_load","native":false},{"column":19,"file":"node:internal/modules/cjs/loader","function":"Module.require","line":1057,"method":"require","native":false}]}
LEARNER_URL	Replace the value for this key with appropriate values in helpers/environmentVariablesHelper.js	/SunbirdEd-portal/src/app/server.js | /SunbirdEd-portal/src/app/helpers/accountMergeHelper.js | /SunbirdEd-portal/src/app/helpers/googleOauthHelper.js | /SunbirdEd-portal/src/app/helpers/permissionsHelper.js | SunbirdEd-portal/src/app/helpers/ssoHelper.js | /SunbirdEd-portal/src/app/helpers/trampolineServiceHelper.js | /SunbirdEd-portal/src/app/helpers/userHelper.js | /SunbirdEd-portal/src/app/proxy/contentEditorProxy.js | /SunbirdEd-portal/src/app/routes/accountRecoveryRoute.js | /SunbirdEd-portal/src/app/routes/certRegRoutes.js | /SunbirdEd-portal/src/app/routes/groupRoutes.js | /SunbirdEd-portal/src/app/routes/learnerRoutes.js | SunbirdEd-portal/src/app/routes/mlRoutes.js | /SunbirdEd-portal/src/app/routes/notificationRoute.js	Unhandled Rejection Promise [Object] {   _bitField: 18087936,   _fulfillmentHandler0: RequestError: Error: getaddrinfo ENOTFOUND staging.open-sunbird.org       at new RequestError (/SunbirdEd-portal/src/app/node_modules/request-promise-core/lib/errors.js:14:15)       at Request.plumbing.callback (/SunbirdEd-portal/src/app/node_modules/request-promise-core/lib/plumbing.js:87:29)       at Request.RP$callback [as _callback] (/SunbirdEd-portal/src/app/node_modules/request-promise-core/lib/plumbing.js:46:31)       at self.callback (/SunbirdEd-portal/src/app/node_modules/request/request.js:188:22)       at Request.emit (node:events:513:28)       at Request.onRequestError (/SunbirdEd-portal/src/app/node_modules/request/request.js:884:8)       at ClientRequest.emit (node:events:513:28)       at TLSSocket.socketErrorListener (node:_http_client:494:9)       at TLSSocket.emit (node:events:513:28)       at emitErrorNT (node:internal/streams/destroy:157:8)       at emitErrorCloseNT (node:internal/streams/destroy:122:3)       at /SunbirdEd-portal/src/app/node_modules/async-listener/glue.js:188:31       at processTicksAndRejections (node:internal/process/task_queues:83:21) {     cause: Error: getaddrinfo ENOTFOUND staging.open-sunbird.org         at GetAddrInfoReqWrap.onlookup [as oncomplete] (node:dns:109:26) {       errno: -3008,       code: 'ENOTFOUND',       syscall: 'getaddrinfo',       hostname: 'staging.open-sunbird.org'     },     error: Error: getaddrinfo ENOTFOUND staging.open-sunbird.org         at GetAddrInfoReqWrap.onlookup [as oncomplete] (node:dns:109:26) {       errno: -3008,       code: 'ENOTFOUND',       syscall: 'getaddrinfo',       hostname: 'staging.open-sunbird.org'     },     options: {       method: 'POST',       url: 'https://staging.open-sunbird.org/api/org/v2/search',       headers: [Object],       body: [Object],       json: true,       callback: [Function: RP$callback],       transform: undefined,       simple: true,       resolveWithFullResponse: false,       transform2xxOnly: false     },     response: undefined   },   _rejectionHandler0: undefined,   _promise0: undefined,   _receiver0: undefined,   _onCancelField: [Function (anonymous)] } RequestError: Error: getaddrinfo ENOTFOUND staging.open-sunbird.org     at new RequestError (/SunbirdEd-portal/src/app/node_modules/request-promise-core/lib/errors.js:14:15)     at Request.plumbing.callback (/SunbirdEd-portal/src/app/node_modules/request-promise-core/lib/plumbing.js:87:29)     at Request.RP$callback [as _callback] (/SunbirdEd-portal/src/app/node_modules/request-promise-core/lib/plumbing.js:46:31)     at self.callback (/SunbirdEd-portal/src/app/node_modules/request/request.js:188:22)     at Request.emit (node:events:513:28)     at Request.onRequestError (/SunbirdEd-portal/src/app/node_modules/request/request.js:884:8)     at ClientRequest.emit (node:events:513:28)     at TLSSocket.socketErrorListener (node:_http_client:494:9)     at TLSSocket.emit (node:events:513:28)     at emitErrorNT (node:internal/streams/destroy:157:8)     at emitErrorCloseNT (node:internal/streams/destroy:122:3)     at /SunbirdEd-portal/src/app/node_modules/async-listener/glue.js:188:31     at processTicksAndRejections (node:internal/process/task_queues:83:21) {   cause: Error: getaddrinfo ENOTFOUND staging.open-sunbird.org       at GetAddrInfoReqWrap.onlookup [as oncomplete] (node:dns:109:26) {     errno: -3008,     code: 'ENOTFOUND',     syscall: 'getaddrinfo',     hostname: 'staging.open-sunbird.org'   },   error: Error: getaddrinfo ENOTFOUND staging.open-sunbird.org       at GetAddrInfoReqWrap.onlookup [as oncomplete] (node:dns:109:26) {     errno: -3008,     code: 'ENOTFOUND',     syscall: 'getaddrinfo',     hostname: 'staging.open-sunbird.org'   },   options: {     method: 'POST',     url: 'https://staging.open-sunbird.org/api/org/v2/search',     headers: {       'x-msgid': 'dc8dcbc0-55e7-11ed-a4da-ff51ccb4ce97',       ts: '2022-10-27 16:39:44:444+0530',       'content-type': 'application/json',       accept: 'application/json',       Authorization: 'Bearer undefined'     },     body: { request: [Object] },     json: true,     callback: [Function: RP$callback],     transform: undefined,     simple: true,     resolveWithFullResponse: false,     transform2xxOnly: false   },   response: undefined }
 PORTAL_SESSION_SECRET_KEY	This key is used in setting up secret in /SunbirdEd-portal/src/app/server.js file. 	/SunbirdEd-portal/src/app/server.js | /SunbirdEd-portal/src/app/routes/clientRoutes.js	Error: secret option required for sessions     at session (/SunbirdEd-portal/src/app/node_modules/express-session/index.js:199:12)     at Layer.handle [as handle_request] (/SunbirdEd-portal/src/app/node_modules/express/lib/router/layer.js:95:5)     at next (/SunbirdEd-portal/src/app/node_modules/express/lib/router/route.js:137:13)     at next (/SunbirdEd-portal/src/app/node_modules/express/lib/router/route.js:131:14)     at next (/SunbirdEd-portal/src/app/node_modules/express/lib/router/route.js:131:14)     at next (/SunbirdEd-portal/src/app/node_modules/express/lib/router/route.js:131:14)     at next (/SunbirdEd-portal/src/app/node_modules/express/lib/router/route.js:131:14)     at next (/SunbirdEd-portal/src/app/node_modules/express/lib/router/route.js:131:14)     at next (/SunbirdEd-portal/src/app/node_modules/express/lib/router/route.js:131:14)     at next (/SunbirdEd-portal/src/app/node_modules/express/lib/router/route.js:131:14)     at next (/SunbirdEd-portal/src/app/node_modules/express/lib/router/route.js:131:14)     at next (/SunbirdEd-portal/src/app/node_modules/express/lib/router/route.js:131:14)     at next (/SunbirdEd-portal/src/app/node_modules/express/lib/router/route.js:131:14)     at next (/SunbirdEd-portal/src/app/node_modules/express/lib/router/route.js:131:14)     at next (/SunbirdEd-portal/src/app/node_modules/express/lib/router/route.js:131:14)     at next (/SunbirdEd-portal/src/app/node_modules/express/lib/router/route.js:131:14)     at next (/SunbirdEd-portal/src/app/node_modules/express/lib/router/route.js:131:14)     at next (/SunbirdEd-portal/src/app/node_modules/express/lib/router/route.js:131:14)     at next (/SunbirdEd-portal/src/app/node_modules/express/lib/router/route.js:131:14)     at next (/SunbirdEd-portal/src/app/node_modules/express/lib/router/route.js:131:14)     at next (/SunbirdEd-portal/src/app/node_modules/express/lib/router/route.js:131:14)     at next (/SunbirdEd-portal/src/app/node_modules/express/lib/router/route.js:131:14)
CONTENT_PROXY_URL	Replace the value for this key with appropriate values in helpers/environmentVariablesHelper.js	/SunbirdEd-portal/src/app/helpers/orgAdminHelper.js | /SunbirdEd-portal/src/app/proxy/contentEditorProxy.js | /SunbirdEd-portal/src/app/routes/certRegRoutes.js | /SunbirdEd-portal/src/app/routes/publicRoutes.js	Error: getaddrinfo ENOTFOUND staging.open-sunbird.org     at GetAddrInfoReqWrap.onlookup [as oncomplete] (node:dns:109:26)
CONTENT_URL | PORTAL_AUTH_SERVER_URL | PORTAL_ECHO_API_URL | CONFIG_URL | DEVICE_REGISTER_API | DEVICE_PROFILE_API | REPORT_SERVICE_URL | sunbird_device_api | DATASERVICE_URL	Enter valid URLs for these keys  in helpers/environmentVariablesHelper.js		"Error: getaddrinfo ENOTFOUND staging.open-sunbird.org     at GetAddrInfoReqWrap.onlookup [as oncomplete] (node:dns:109:26)"
KONG_DEVICE_REGISTER_ANONYMOUS_TOKEN	Registering For anonymous devices	/SunbirdEd-portal/src/app/server.js | /SunbirdEd-portal/src/app/helpers/kongTokenHelper.js | /SunbirdEd-portal/src/app/routes/publicRoutes.js | /SunbirdEd-portal/src/app/helpers/apiWhiteList.js	{"channel":"sunbird","env":"local.sunbird.portal","level":"error","message":{"error":{"error":"{\"message\":\"Unauthorized\"}\n","message":"401 - \"{\\\"message\\\":\\\"Unauthorized\\\"}\\n\"","name":"StatusCodeError","options":{"headers":{"Authorization":"Bearer ","Cache-Control":"no-cache","Connection":"keep-alive","Content-Type":"application/json"},"method":"GET","resolveWithFullResponse":false,"simple":true,"transform2xxOnly":false,"url":"https://staging.sunbirded.org/api/v3/device/profile/918ad467846a2b0cb9222056af1ea643"},"response":{"body":"{\"message\":\"Unauthorized\"}\n","headers":{"access-control-allow-origin":"*","connection":"keep-alive","content-length":"27","content-type":"application/json; charset=utf-8","date":"Mon, 31 Oct 2022 08:47:50 GMT"},"request":{"headers":{"Authorization":"Bearer ","Cache-Control":"no-cache","Connection":"keep-alive","Content-Type":"application/json"},"method":"GET","uri":{"auth":null,"hash":null,"host":"staging.sunbirded.org","hostname":"staging.sunbirded.org","href":"https://staging.sunbirded.org/api/v3/device/profile/918ad467846a2b0cb9222056af1ea643","path":"/api/v3/device/profile/918ad467846a2b0cb9222056af1ea643","pathname":"/api/v3/device/profile/918ad467846a2b0cb9222056af1ea643","port":443,"protocol":"https:","query":null,"search":null,"slashes":true}},"statusCode":401},"stack":"StatusCodeError: 401 - \"{\\\"message\\\":\\\"Unauthorized\\\"}\\n\"\n    at new StatusCodeError (/SunbirdEd-portal/src/app/node_modules/request-promise-core/lib/errors.js:32:15)\n    at Request.plumbing.callback (/SunbirdEd-portal/src/app/node_modules/request-promise-core/lib/plumbing.js:104:33)\n    at Request.RP$callback [as _callback] (/SunbirdEd-portal/src/app/node_modules/request-promise-core/lib/plumbing.js:46:31)\n    at Request.self.callback (/SunbirdEd-portal/src/app/node_modules/request/request.js:188:22)\n    at Request.emit (node:events:513:28)\n    at Request.<anonymous> (/SunbirdEd-portal/src/app/node_modules/request/request.js:1171:10)\n    at Request.emit (node:events:513:28)\n    at IncomingMessage.<anonymous> (/SunbirdEd-portal/src/app/node_modules/request/request.js:1091:12)\n    at Object.onceWrapper (node:events:627:28)\n    at IncomingMessage.emit (node:events:525:35)\n    at endReadableNT (node:internal/streams/readable:1358:12)\n    at /SunbirdEd-portal/src/app/node_modules/async-listener/glue.js:188:31\n    at processTicksAndRejections (node:internal/process/task_queues:83:21)","statusCode":401},"msg":"httpRequestHandler:sendRequest error "},"pdata":{"id":"local.sunbird.portal","pid":"sunbird-portal-backend","ver":"5.0.2"},"timestamp":"2022-10-31 14:17:50"} 
sunbird_anonymous_device_register_api | sunbird_anonymous_register_token	These keys are used to set token for anonymous users	/SunbirdEd-portal/src/app/helpers/kongTokenHelper.js	{"channel":"sunbird","env":"local.sunbird.portal","level":"error","message":{"error":{"cause":{"message":"options.uri is a required argument","stack":"Error: options.uri is a required argument\n    at Request.init (/SunbirdEd-portal/src/app/node_modules/request/request.js:234:31)\n    at Request.RP$initInterceptor [as init] (/SunbirdEd-portal/src/app/node_modules/request-promise-core/configure/request2.js:45:29)\n    at new Request (/SunbirdEd-portal/src/app/node_modules/request/request.js:130:8)\n    at request (/SunbirdEd-portal/src/app/node_modules/request/index.js:54:10)\n    at sendRequest (/SunbirdEd-portal/src/app/helpers/httpRequestHandler.js:6:10)\n    at /SunbirdEd-portal/src/app/helpers/kongTokenHelper.js:52:7\n    at new WrappedPromise (/SunbirdEd-portal/src/app/node_modules/async-listener/es6-wrapped-promise.js:13:18)\n    at generateKongToken (/SunbirdEd-portal/src/app/helpers/kongTokenHelper.js:36:10)\n    at /SunbirdEd-portal/src/app/helpers/kongTokenHelper.js:82:9\n    at Layer.handle [as handle_request] (/SunbirdEd-portal/src/app/node_modules/express/lib/router/layer.js:95:5)\n    at trim_prefix (/SunbirdEd-portal/src/app/node_modules/express/lib/router/index.js:317:13)\n    at /SunbirdEd-portal/src/app/node_modules/express/lib/router/index.js:284:7\n    at Function.process_params (/SunbirdEd-portal/src/app/node_modules/express/lib/router/index.js:335:12)\n    at next (/SunbirdEd-portal/src/app/node_modules/express/lib/router/index.js:275:10)\n    at Immediate.<anonymous> (/SunbirdEd-portal/src/app/node_modules/express-session/index.js:489:7)\n    at processImmediate (node:internal/timers:468:21)"},"error":{"message":"options.uri is a required argument","stack":"Error: options.uri is a required argument\n    at Request.init (/SunbirdEd-portal/src/app/node_modules/request/request.js:234:31)\n    at Request.RP$initInterceptor [as init] (/SunbirdEd-portal/src/app/node_modules/request-promise-core/configure/request2.js:45:29)\n    at new Request (/SunbirdEd-portal/src/app/node_modules/request/request.js:130:8)\n    at request (/SunbirdEd-portal/src/app/node_modules/request/index.js:54:10)\n    at sendRequest (/SunbirdEd-portal/src/app/helpers/httpRequestHandler.js:6:10)\n    at /SunbirdEd-portal/src/app/helpers/kongTokenHelper.js:52:7\n    at new WrappedPromise (/SunbirdEd-portal/src/app/node_modules/async-listener/es6-wrapped-promise.js:13:18)\n    at generateKongToken (/SunbirdEd-portal/src/app/helpers/kongTokenHelper.js:36:10)\n    at /SunbirdEd-portal/src/app/helpers/kongTokenHelper.js:82:9\n    at Layer.handle [as handle_request] (/SunbirdEd-portal/src/app/node_modules/express/lib/router/layer.js:95:5)\n    at trim_prefix (/SunbirdEd-portal/src/app/node_modules/express/lib/router/index.js:317:13)\n    at /SunbirdEd-portal/src/app/node_modules/express/lib/router/index.js:284:7\n    at Function.process_params (/SunbirdEd-portal/src/app/node_modules/express/lib/router/index.js:335:12)\n    at next (/SunbirdEd-portal/src/app/node_modules/express/lib/router/index.js:275:10)\n    at Immediate.<anonymous> (/SunbirdEd-portal/src/app/node_modules/express-session/index.js:489:7)\n    at processImmediate (node:internal/timers:468:21)"},"message":"Error: options.uri is a required argument","name":"RequestError","options":{"body":"{\"request\":{\"key\":\"fgGF24ri9I9YMVJAglAMt_1hnDF_2IpQ\"}}","headers":{"Authorization":"Bearer ","Content-Type":"application/json"},"method":"POST","resolveWithFullResponse":true,"simple":true,"transform2xxOnly":false,"url":""},"stack":"RequestError: Error: options.uri is a required argument\n    at new RequestError (/SunbirdEd-portal/src/app/node_modules/request-promise-core/lib/errors.js:14:15)\n    at Request.plumbing.callback (/SunbirdEd-portal/src/app/node_modules/request-promise-core/lib/plumbing.js:87:29)\n    at Request.RP$callback [as _callback] (/SunbirdEd-portal/src/app/node_modules/request-promise-core/lib/plumbing.js:46:31)\n    at self.callback (/SunbirdEd-portal/src/app/node_modules/request/request.js:188:22)\n    at Request.emit (node:events:513:28)\n    at Request.init (/SunbirdEd-portal/src/app/node_modules/request/request.js:234:17)\n    at Request.RP$initInterceptor [as init] (/SunbirdEd-portal/src/app/node_modules/request-promise-core/configure/request2.js:45:29)\n    at new Request (/SunbirdEd-portal/src/app/node_modules/request/request.js:130:8)\n    at request (/SunbirdEd-portal/src/app/node_modules/request/index.js:54:10)\n    at sendRequest (/SunbirdEd-portal/src/app/helpers/httpRequestHandler.js:6:10)\n    at /SunbirdEd-portal/src/app/helpers/kongTokenHelper.js:52:7\n    at new WrappedPromise (/SunbirdEd-portal/src/app/node_modules/async-listener/es6-wrapped-promise.js:13:18)\n    at generateKongToken (/SunbirdEd-portal/src/app/helpers/kongTokenHelper.js:36:10)\n    at /SunbirdEd-portal/src/app/helpers/kongTokenHelper.js:82:9\n    at Layer.handle [as handle_request] (/SunbirdEd-portal/src/app/node_modules/express/lib/router/layer.js:95:5)\n    at trim_prefix (/SunbirdEd-portal/src/app/node_modules/express/lib/router/index.js:317:13)\n    at /SunbirdEd-portal/src/app/node_modules/express/lib/router/index.js:284:7\n    at Function.process_params (/SunbirdEd-portal/src/app/node_modules/express/lib/router/index.js:335:12)\n    at next (/SunbirdEd-portal/src/app/node_modules/express/lib/router/index.js:275:10)\n    at Immediate._onImmediate (/SunbirdEd-portal/src/app/node_modules/express-session/index.js:489:7)\n    at processImmediate (node:internal/timers:468:21)"},"msg":"httpRequestHandler:sendRequest error "},"pdata":{"id":"local.sunbird.portal","pid":"sunbird-portal-backend","ver":"5.0.2"},"timestamp":"2022-10-31 14:07:29"} 
SUNBIRD_PROTO	To set protocol for oauth2	/SunbirdEd-portal/src/app/helpers/googleOauthHelper.js	Error 400: invalid_request  You can't sign in to this app because it doesn't comply with Google's OAuth 2.0 policy for keeping apps secure.  You can let the app developer know that this app doesn't comply with one or more Google validation rules.
GOOGLE_OAUTH_CONFIG | GOOGLE_OAUTH_CONFIG_IOS	to set client id and secret for Google Oauth 2 authentication	/SunbirdEd-portal/src/app/helpers/googleOauthHelper.js | /SunbirdEd-portal/src/app/routes/googleSignInRoutes.js	Error 400: invalid_request Missing required parameter: client_id in Google signup 
keys folder	Create /keys/ folder inside /SunbirdEd-portal/src/app		error while reading publicKey directory: /SunbirdEd-portal/src/app/keys/ [Error: ENOENT: no such file or directory, scandir '/SunbirdEd-portal/src/app/keys/'] {   errno: -2,   code: 'ENOENT',   syscall: 'scandir',   path: '/SunbirdEd-portal/src/app/keys/' } 
sunbird_azure_account_name|sunbird_azure_account_key|sunbird_azure_report_container_name|sunbird_azure_resourceBundle_container_name	Azure Configurations for blob storage	SunbirdEd-portal/src/app/helpers/cloudStorage/index.js	{"channel":"sunbird","date":"Mon Feb 27 2023 14:29:24 GMT+0530 (India Standard Time)","env":"local.sunbird.portal","error":{"message":"Azure__StorageService :: Required configuration is missing","stack":"Error: Azure__StorageService :: Required configuration is missing\n    at new p (SunbirdEd-portal/src/app/node_modules/client-cloud-services/dist/bundle.js:2:2733944)\n    at Object.<anonymous> (SunbirdEd-portal/src/app/helpers/cloudStorage/index.js:30:26)\n    at Module._compile (internal/modules/cjs/loader.js:1114:14)\n    at Object.Module._extensions..js (internal/modules/cjs/loader.js:1143:10)\n    at Module.load (internal/modules/cjs/loader.js:979:32)\n    at Function.Module._load (internal/modules/cjs/loader.js:819:12)\n    at Module.require (internal/modules/cjs/loader.js:1003:19)\n    at require (internal/modules/cjs/helpers.js:107:18)\n    at Object.<anonymous> (SunbirdEd-portal/src/app/helpers/resourceBundleHelper.js:5:27)\n    at Module._compile (internal/modules/cjs/loader.js:1114:14)\n    at Object.Module._extensions..js (internal/modules/cjs/loader.js:1143:10)\n    at Module.load (internal/modules/cjs/loader.js:979:32)\n    at Function.Module._load (internal/modules/cjs/loader.js:819:12)\n    at Module.require (internal/modules/cjs/loader.js:1003:19)\n    at require (internal/modules/cjs/helpers.js:107:18)\n    at Object.<anonymous> (SunbirdEd-portal/src/app/server.js:52:44)\n    at Module._compile (internal/modules/cjs/loader.js:1114:14)\n    at Object.Module._extensions..js (internal/modules/cjs/loader.js:1143:10)\n    at Module.load (internal/modules/cjs/loader.js:979:32)\n    at Function.Module._load (internal/modules/cjs/loader.js:819:12)\n    at Function.executeUserEntryPoint [as runMain] (internal/modules/run_main.js:75:12)\n    at internal/main/run_main_module.js:17:47"},"exception":true,"level":"error","message":"uncaughtException: Azure__StorageService :: Required configuration is missing\nError: Azure__StorageService :: Required configuration is missing\n    at new p (SunbirdEd-portal/src/app/node_modules/client-cloud-services/dist/bundle.js:2:2733944)\n    at Object.<anonymous> (SunbirdEd-portal/src/app/helpers/cloudStorage/index.js:30:26)\n    at Module._compile (internal/modules/cjs/loader.js:1114:14)\n    at Object.Module._extensions..js (internal/modules/cjs/loader.js:1143:10)\n    at Module.load (internal/modules/cjs/loader.js:979:32)\n    at Function.Module._load (internal/modules/cjs/loader.js:819:12)\n    at Module.require (internal/modules/cjs/loader.js:1003:19)\n    at require (internal/modules/cjs/helpers.js:107:18)\n    at Object.<anonymous> (SunbirdEd-portal/src/app/helpers/resourceBundleHelper.js:5:27)\n    at Module._compile (internal/modules/cjs/loader.js:1114:14)\n    at Object.Module._extensions..js (internal/modules/cjs/loader.js:1143:10)\n    at Module.load (internal/modules/cjs/loader.js:979:32)\n    at Function.Module._load (internal/modules/cjs/loader.js:819:12)\n    at Module.require (internal/modules/cjs/loader.js:1003:19)\n    at require (internal/modules/cjs/helpers.js:107:18)\n    at Object.<anonymous> (SunbirdEd-portal/src/app/server.js:52:44)\n    at Module._compile (internal/modules/cjs/loader.js:1114:14)\n    at Object.Module._extensions..js (internal/modules/cjs/loader.js:1143:10)\n    at Module.load (internal/modules/cjs/loader.js:979:32)\n    at Function.Module._load (internal/modules/cjs/loader.js:819:12)\n    at Function.executeUserEntryPoint [as runMain] (internal/modules/run_main.js:75:12)\n    at internal/main/run_main_module.js:17:47","os":{"loadavg":[5.216796875,4.73828125,2.37841796875],"uptime":402},"pdata":{"id":"local.sunbird.portal","pid":"sunbird-portal-backend","ver":"5.2.0"},"process":{"argv":["/usr/local/bin/node","SunbirdEd-portal/src/app/server"],"cwd":"SunbirdEd-portal/src/app","execPath":"/usr/local/bin/node","gid":20,"memoryUsage":{"arrayBuffers":2005771,"external":3782175,"heapTotal":118583296,"heapUsed":90445744,"rss":183390208},"pid":1791,"uid":502,"version":"v14.21.3"},"stack":"Error: Azure__StorageService :: Required configuration is missing\n    at new p (SunbirdEd-portal/src/app/node_modules/client-cloud-services/dist/bundle.js:2:2733944)\n    at Object.<anonymous> (SunbirdEd-portal/src/app/helpers/cloudStorage/index.js:30:26)\n    at Module._compile (internal/modules/cjs/loader.js:1114:14)\n    at Object.Module._extensions..js (internal/modules/cjs/loader.js:1143:10)\n    at Module.load (internal/modules/cjs/loader.js:979:32)\n    at Function.Module._load (internal/modules/cjs/loader.js:819:12)\n    at Module.require (internal/modules/cjs/loader.js:1003:19)\n    at require (internal/modules/cjs/helpers.js:107:18)\n    at Object.<anonymous> (SunbirdEd-portal/src/app/helpers/resourceBundleHelper.js:5:27)\n    at Module._compile (internal/modules/cjs/loader.js:1114:14)\n    at Object.Module._extensions..js (internal/modules/cjs/loader.js:1143:10)\n    at Module.load (internal/modules/cjs/loader.js:979:32)\n    at Function.Module._load (internal/modules/cjs/loader.js:819:12)\n    at Module.require (internal/modules/cjs/loader.js:1003:19)\n    at require (internal/modules/cjs/helpers.js:107:18)\n    at Object.<anonymous> (SunbirdEd-portal/src/app/server.js:52:44)\n    at Module._compile (internal/modules/cjs/loader.js:1114:14)\n    at Object.Module._extensions..js (internal/modules/cjs/loader.js:1143:10)\n    at Module.load (internal/modules/cjs/loader.js:979:32)\n    at Function.Module._load (internal/modules/cjs/loader.js:819:12)\n    at Function.executeUserEntryPoint [as runMain] (internal/modules/run_main.js:75:12)\n    at internal/main/run_main_module.js:17:47","timestamp":"2023-02-27 14:29:24","trace":[{"column":2733944,"file":"SunbirdEd-portal/src/app/node_modules/client-cloud-services/dist/bundle.js","function":"new p","line":2,"method":null,"native":false},{"column":26,"file":"SunbirdEd-portal/src/app/helpers/cloudStorage/index.js","function":null,"line":30,"method":null,"native":false},{"column":14,"file":"internal/modules/cjs/loader.js","function":"Module._compile","line":1114,"method":"_compile","native":false},{"column":10,"file":"internal/modules/cjs/loader.js","function":"Module._extensions..js","line":1143,"method":".js","native":false},{"column":32,"file":"internal/modules/cjs/loader.js","function":"Module.load","line":979,"method":"load","native":false},{"column":12,"file":"internal/modules/cjs/loader.js","function":"Module._load","line":819,"method":"_load","native":false},{"column":19,"file":"internal/modules/cjs/loader.js","function":"Module.require","line":1003,"method":"require","native":false},{"column":18,"file":"internal/modules/cjs/helpers.js","function":"require","line":107,"method":null,"native":false},{"column":27,"file":"SunbirdEd-portal/src/app/helpers/resourceBundleHelper.js","function":null,"line":5,"method":null,"native":false},{"column":14,"file":"internal/modules/cjs/loader.js","function":"Module._compile","line":1114,"method":"_compile","native":false},{"column":10,"file":"internal/modules/cjs/loader.js","function":"Module._extensions..js","line":1143,"method":".js","native":false},{"column":32,"file":"internal/modules/cjs/loader.js","function":"Module.load","line":979,"method":"load","native":false},{"column":12,"file":"internal/modules/cjs/loader.js","function":"Module._load","line":819,"method":"_load","native":false},{"column":19,"file":"internal/modules/cjs/loader.js","function":"Module.require","line":1003,"method":"require","native":false},{"column":18,"file":"internal/modules/cjs/helpers.js","function":"require","line":107,"method":null,"native":false},{"column":44,"file":"SunbirdEd-portal/src/app/server.js","function":null,"line":52,"method":null,"native":false},{"column":14,"file":"internal/modules/cjs/loader.js","function":"Module._compile","line":1114,"method":"_compile","native":false},{"column":10,"file":"internal/modules/cjs/loader.js","function":"Module._extensions..js","line":1143,"method":".js","native":false},{"column":32,"file":"internal/modules/cjs/loader.js","function":"Module.load","line":979,"method":"load","native":false},{"column":12,"file":"internal/modules/cjs/loader.js","function":"Module._load","line":819,"method":"_load","native":false},{"column":12,"file":"internal/modules/run_main.js","function":"Function.executeUserEntryPoint [as runMain]","line":75,"method":"executeUserEntryPoint [as runMain]","native":false},{"column":47,"file":"internal/main/run_main_module.js","function":null,"line":17,"method":null,"native":false}]}
KEYCLOAK_GOOGLE_CLIENT.clientId| KEYCLOAK_GOOGLE_CLIENT.secret	Keycloak Configurations	/SunbirdEd-portal/src/app/helpers/userService.js	{"level":"error","message":{"error":{},"msg":"cassandraUtil : Error in getReplicationStrategy"},"pdata":{"pid":"sunbird-portal-backend","ver":"5.2.0"},"timestamp":"2023-02-27 14:43:53"} {"date":"Mon Feb 27 2023 14:43:54 GMT+0530 (India Standard Time)","error":{},"exception":true,"level":"error","message":"uncaughtException: Cannot read property 'clientId' of undefined\nTypeError: Cannot read property 'clientId' of undefined\n    at Object.<anonymous> (SunbirdEd-portal/src/app/helpers/userService.js:6:46)\n    at Module._compile (internal/modules/cjs/loader.js:1114:14)\n    at Object.Module._extensions..js (internal/modules/cjs/loader.js:1143:10)\n    at Module.load (internal/modules/cjs/loader.js:979:32)\n    at Function.Module._load (internal/modules/cjs/loader.js:819:12)\n    at Module.require (internal/modules/cjs/loader.js:1003:19)\n    at require (internal/modules/cjs/helpers.js:107:18)\n    at Object.<anonymous> (SunbirdEd-portal/src/app/server.js:45:21)\n    at Module._compile (internal/modules/cjs/loader.js:1114:14)\n    at Object.Module._extensions..js (internal/modules/cjs/loader.js:1143:10)\n    at Module.load (internal/modules/cjs/loader.js:979:32)\n    at Function.Module._load (internal/modules/cjs/loader.js:819:12)\n    at Function.executeUserEntryPoint [as runMain] (internal/modules/run_main.js:75:12)\n    at internal/main/run_main_module.js:17:47","os":{"loadavg":[10.99560546875,8.42578125,6.18310546875],"uptime":1272},"pdata":{"pid":"sunbird-portal-backend","ver":"5.2.0"},"process":{"argv":["/usr/local/bin/node","SunbirdEd-portal/src/app/server"],"cwd":"SunbirdEd-portal/src/app","execPath":"/usr/local/bin/node","gid":20,"memoryUsage":{"arrayBuffers":2146204,"external":3756214,"heapTotal":97910784,"heapUsed":69261368,"rss":148238336},"pid":6173,"uid":502,"version":"v14.21.3"},"stack":"TypeError: Cannot read property 'clientId' of undefined\n    at Object.<anonymous> (SunbirdEd-portal/src/app/helpers/userService.js:6:46)\n    at Module._compile (internal/modules/cjs/loader.js:1114:14)\n    at Object.Module._extensions..js (internal/modules/cjs/loader.js:1143:10)\n    at Module.load (internal/modules/cjs/loader.js:979:32)\n    at Function.Module._load (internal/modules/cjs/loader.js:819:12)\n    at Module.require (internal/modules/cjs/loader.js:1003:19)\n    at require (internal/modules/cjs/helpers.js:107:18)\n    at Object.<anonymous> (SunbirdEd-portal/src/app/server.js:45:21)\n    at Module._compile (internal/modules/cjs/loader.js:1114:14)\n    at Object.Module._extensions..js (internal/modules/cjs/loader.js:1143:10)\n    at Module.load (internal/modules/cjs/loader.js:979:32)\n    at Function.Module._load (internal/modules/cjs/loader.js:819:12)\n    at Function.executeUserEntryPoint [as runMain] (internal/modules/run_main.js:75:12)\n    at internal/main/run_main_module.js:17:47","timestamp":"2023-02-27 14:43:54","trace":[{"column":46,"file":"SunbirdEd-portal/src/app/helpers/userService.js","function":null,"line":6,"method":null,"native":false},{"column":14,"file":"internal/modules/cjs/loader.js","function":"Module._compile","line":1114,"method":"_compile","native":false},{"column":10,"file":"internal/modules/cjs/loader.js","function":"Module._extensions..js","line":1143,"method":".js","native":false},{"column":32,"file":"internal/modules/cjs/loader.js","function":"Module.load","line":979,"method":"load","native":false},{"column":12,"file":"internal/modules/cjs/loader.js","function":"Module._load","line":819,"method":"_load","native":false},{"column":19,"file":"internal/modules/cjs/loader.js","function":"Module.require","line":1003,"method":"require","native":false},{"column":18,"file":"internal/modules/cjs/helpers.js","function":"require","line":107,"method":null,"native":false},{"column":21,"file":"SunbirdEd-portal/src/app/server.js","function":null,"line":45,"method":null,"native":false},{"column":14,"file":"internal/modules/cjs/loader.js","function":"Module._compile","line":1114,"method":"_compile","native":false},{"column":10,"file":"internal/modules/cjs/loader.js","function":"Module._extensions..js","line":1143,"method":".js","native":false},{"column":32,"file":"internal/modules/cjs/loader.js","function":"Module.load","line":979,"method":"load","native":false},{"column":12,"file":"internal/modules/cjs/loader.js","function":"Module._load","line":819,"method":"_load","native":false},{"column":12,"file":"internal/modules/run_main.js","function":"Function.executeUserEntryPoint [as runMain]","line":75,"method":"executeUserEntryPoint [as runMain]","native":false},{"column":47,"file":"internal/main/run_main_module.js","function":null,"line":17,"method":null,"native":false}]}
PORTAL_CASSANDRA_REPLICATION_STRATEGY	Setting replication stratergy	/SunbirdEd-portal/src/app/helpers/cassandraUtil.js | /SunbirdEd-portal/src/app/framework.config.js	{"level":"error","message":{"error":{},"msg":"cassandraUtil : Error in getReplicationStrategy"},"pdata":{"pid":"sunbird-portal-backend","ver":"5.2.0"},"timestamp":"2023-02-27 14:51:55"} {"level":"error","message":{"error":{"message":"Unexpected token u in JSON at position 0","stack":"SyntaxError: Unexpected token u in JSON at position 0\n    at JSON.parse (<anonymous>)\n    at Object.getReplicationStrategy (SunbirdEd-portal/src/app/helpers/cassandraUtil.js:36:17)\n    at Object.<anonymous> (SunbirdEd-portal/src/app/framework.config.js:8:44)\n    at Module._compile (internal/modules/cjs/loader.js:1114:14)\n    at Object.Module._extensions..js (internal/modules/cjs/loader.js:1143:10)\n    at Module.load (internal/modules/cjs/loader.js:979:32)\n    at Function.Module._load (internal/modules/cjs/loader.js:819:12)\n    at Module.require (internal/modules/cjs/loader.js:1003:19)\n    at require (internal/modules/cjs/helpers.js:107:18)\n    at Object.<anonymous> (SunbirdEd-portal/src/app/server.js:47:25)\n    at Module._compile (internal/modules/cjs/loader.js:1114:14)\n    at Object.Module._extensions..js (internal/modules/cjs/loader.js:1143:10)\n    at Module.load (internal/modules/cjs/loader.js:979:32)\n    at Function.Module._load (internal/modules/cjs/loader.js:819:12)\n    at Function.executeUserEntryPoint [as runMain] (internal/modules/run_main.js:75:12)\n    at internal/main/run_main_module.js:17:47"},"msg":"cassandraUtil : Error in getReplicationStrategy"},"pdata":{"pid":"sunbird-portal-backend","ver":"5.2.0"},"timestamp":"2023-02-27 14:51:57"} 
sunbird_cloud_storage_provider	Setting Cloud storage provider	/SunbirdEd-portal/src/app/helpers/cloudStorage/index.js	{"date":"Mon Feb 27 2023 14:51:58 GMT+0530 (India Standard Time)","error":{"message":"Cloud Storage Service - Provider is not initialized","stack":"Error: Cloud Storage Service - Provider is not initialized\n    at Object.<anonymous> (SunbirdEd-portal/src/app/helpers/cloudStorage/index.js:20:27)\n    at Module._compile (internal/modules/cjs/loader.js:1114:14)\n    at Object.Module._extensions..js (internal/modules/cjs/loader.js:1143:10)\n    at Module.load (internal/modules/cjs/loader.js:979:32)\n    at Function.Module._load (internal/modules/cjs/loader.js:819:12)\n    at Module.require (internal/modules/cjs/loader.js:1003:19)\n    at require (internal/modules/cjs/helpers.js:107:18)\n    at Object.<anonymous> (SunbirdEd-portal/src/app/helpers/resourceBundleHelper.js:5:27)\n    at Module._compile (internal/modules/cjs/loader.js:1114:14)\n    at Object.Module._extensions..js (internal/modules/cjs/loader.js:1143:10)\n    at Module.load (internal/modules/cjs/loader.js:979:32)\n    at Function.Module._load (internal/modules/cjs/loader.js:819:12)\n    at Module.require (internal/modules/cjs/loader.js:1003:19)\n    at require (internal/modules/cjs/helpers.js:107:18)\n    at Object.<anonymous> (SunbirdEd-portal/src/app/server.js:52:44)\n    at Module._compile (internal/modules/cjs/loader.js:1114:14)\n    at Object.Module._extensions..js (internal/modules/cjs/loader.js:1143:10)\n    at Module.load (internal/modules/cjs/loader.js:979:32)\n    at Function.Module._load (internal/modules/cjs/loader.js:819:12)\n    at Function.executeUserEntryPoint [as runMain] (internal/modules/run_main.js:75:12)\n    at internal/main/run_main_module.js:17:47"},"exception":true,"level":"error","message":"uncaughtException: Cloud Storage Service - Provider is not initialized\nError: Cloud Storage Service - Provider is not initialized\n    at Object.<anonymous> (SunbirdEd-portal/src/app/helpers/cloudStorage/index.js:20:27)\n    at Module._compile (internal/modules/cjs/loader.js:1114:14)\n    at Object.Module._extensions..js (internal/modules/cjs/loader.js:1143:10)\n    at Module.load (internal/modules/cjs/loader.js:979:32)\n    at Function.Module._load (internal/modules/cjs/loader.js:819:12)\n    at Module.require (internal/modules/cjs/loader.js:1003:19)\n    at require (internal/modules/cjs/helpers.js:107:18)\n    at Object.<anonymous> (SunbirdEd-portal/src/app/helpers/resourceBundleHelper.js:5:27)\n    at Module._compile (internal/modules/cjs/loader.js:1114:14)\n    at Object.Module._extensions..js (internal/modules/cjs/loader.js:1143:10)\n    at Module.load (internal/modules/cjs/loader.js:979:32)\n    at Function.Module._load (internal/modules/cjs/loader.js:819:12)\n    at Module.require (internal/modules/cjs/loader.js:1003:19)\n    at require (internal/modules/cjs/helpers.js:107:18)\n    at Object.<anonymous> (SunbirdEd-portal/src/app/server.js:52:44)\n    at Module._compile (internal/modules/cjs/loader.js:1114:14)\n    at Object.Module._extensions..js (internal/modules/cjs/loader.js:1143:10)\n    at Module.load (internal/modules/cjs/loader.js:979:32)\n    at Function.Module._load (internal/modules/cjs/loader.js:819:12)\n    at Function.executeUserEntryPoint [as runMain] (internal/modules/run_main.js:75:12)\n    at internal/main/run_main_module.js:17:47","os":{"loadavg":[11.5625,8.9775390625,7.24267578125],"uptime":1756},"pdata":{"pid":"sunbird-portal-backend","ver":"5.2.0"},"process":{"argv":["/usr/local/bin/node","SunbirdEd-portal/src/app/server"],"cwd":"SunbirdEd-portal/src/app","execPath":"/usr/local/bin/node","gid":20,"memoryUsage":{"arrayBuffers":1821080,"external":3594483,"heapTotal":121962496,"heapUsed":87882600,"rss":185823232},"pid":7344,"uid":502,"version":"v14.21.3"},"stack":"Error: Cloud Storage Service - Provider is not initialized\n    at Object.<anonymous> (SunbirdEd-portal/src/app/helpers/cloudStorage/index.js:20:27)\n    at Module._compile (internal/modules/cjs/loader.js:1114:14)\n    at Object.Module._extensions..js (internal/modules/cjs/loader.js:1143:10)\n    at Module.load (internal/modules/cjs/loader.js:979:32)\n    at Function.Module._load (internal/modules/cjs/loader.js:819:12)\n    at Module.require (internal/modules/cjs/loader.js:1003:19)\n    at require (internal/modules/cjs/helpers.js:107:18)\n    at Object.<anonymous> (SunbirdEd-portal/src/app/helpers/resourceBundleHelper.js:5:27)\n    at Module._compile (internal/modules/cjs/loader.js:1114:14)\n    at Object.Module._extensions..js (internal/modules/cjs/loader.js:1143:10)\n    at Module.load (internal/modules/cjs/loader.js:979:32)\n    at Function.Module._load (internal/modules/cjs/loader.js:819:12)\n    at Module.require (internal/modules/cjs/loader.js:1003:19)\n    at require (internal/modules/cjs/helpers.js:107:18)\n    at Object.<anonymous> (SunbirdEd-portal/src/app/server.js:52:44)\n    at Module._compile (internal/modules/cjs/loader.js:1114:14)\n    at Object.Module._extensions..js (internal/modules/cjs/loader.js:1143:10)\n    at Module.load (internal/modules/cjs/loader.js:979:32)\n    at Function.Module._load (internal/modules/cjs/loader.js:819:12)\n    at Function.executeUserEntryPoint [as runMain] (internal/modules/run_main.js:75:12)\n    at internal/main/run_main_module.js:17:47","timestamp":"2023-02-27 14:51:58","trace":[{"column":27,"file":"SunbirdEd-portal/src/app/helpers/cloudStorage/index.js","function":null,"line":20,"method":null,"native":false},{"column":14,"file":"internal/modules/cjs/loader.js","function":"Module._compile","line":1114,"method":"_compile","native":false},{"column":10,"file":"internal/modules/cjs/loader.js","function":"Module._extensions..js","line":1143,"method":".js","native":false},{"column":32,"file":"internal/modules/cjs/loader.js","function":"Module.load","line":979,"method":"load","native":false},{"column":12,"file":"internal/modules/cjs/loader.js","function":"Module._load","line":819,"method":"_load","native":false},{"column":19,"file":"internal/modules/cjs/loader.js","function":"Module.require","line":1003,"method":"require","native":false},{"column":18,"file":"internal/modules/cjs/helpers.js","function":"require","line":107,"method":null,"native":false},{"column":27,"file":"SunbirdEd-portal/src/app/helpers/resourceBundleHelper.js","function":null,"line":5,"method":null,"native":false},{"column":14,"file":"internal/modules/cjs/loader.js","function":"Module._compile","line":1114,"method":"_compile","native":false},{"column":10,"file":"internal/modules/cjs/loader.js","function":"Module._extensions..js","line":1143,"method":".js","native":false},{"column":32,"file":"internal/modules/cjs/loader.js","function":"Module.load","line":979,"method":"load","native":false},{"column":12,"file":"internal/modules/cjs/loader.js","function":"Module._load","line":819,"method":"_load","native":false},{"column":19,"file":"internal/modules/cjs/loader.js","function":"Module.require","line":1003,"method":"require","native":false},{"column":18,"file":"internal/modules/cjs/helpers.js","function":"require","line":107,"method":null,"native":false},{"column":44,"file":"SunbirdEd-portal/src/app/server.js","function":null,"line":52,"method":null,"native":false},{"column":14,"file":"internal/modules/cjs/loader.js","function":"Module._compile","line":1114,"method":"_compile","native":false},{"column":10,"file":"internal/modules/cjs/loader.js","function":"Module._extensions..js","line":1143,"method":".js","native":false},{"column":32,"file":"internal/modules/cjs/loader.js","function":"Module.load","line":979,"method":"load","native":false},{"column":12,"file":"internal/modules/cjs/loader.js","function":"Module._load","line":819,"method":"_load","native":false},{"column":12,"file":"internal/modules/run_main.js","function":"Function.executeUserEntryPoint [as runMain]","line":75,"method":"executeUserEntryPoint [as runMain]","native":false},{"column":47,"file":"internal/main/run_main_module.js","function":null,"line":17,"method":null,"native":false}]}
KEYCLOAK_GOOGLE_ANDROID_CLIENT.clientId | KEYCLOAK_GOOGLE_ANDROID_CLIENT.secret | KEYCLOAK_GOOGLE_IOS_CLIENT.     clientId | KEYCLOAK_GOOGLE_IOS_CLIENTsecret	Setting OAuth Android client and secret and Setting OAuth ios client and secret	/SunbirdEd-portal/src/app/helpers/environmentVariablesHelper.js | /SunbirdEd-portal/src/app/helpers/googleOauthHelper.js | /SunbirdEd-portal/src/app/routes/refreshTokenRoutes.js | /SunbirdEd-portal/src/app/tests/server/helpers/spec/googleOauthHelper.spec.js	{"date":"Mon Feb 27 2023 14:59:15 GMT+0530 (India Standard Time)","error":{"message":"Cannot read property 'clientId' of undefined","stack":"TypeError: Cannot read property 'clientId' of undefined\n    at Object.<anonymous> (/Users/abhisheknagesh/projects/Bootcamp/SunbirdEd-portal/src/app/helpers/googleOauthHelper.js:39:54)\n    at Module._compile (internal/modules/cjs/loader.js:1114:14)\n    at Object.Module._extensions..js (internal/modules/cjs/loader.js:1143:10)\n    at Module.load (internal/modules/cjs/loader.js:979:32)\n    at Function.Module._load (internal/modules/cjs/loader.js:819:12)\n    at Module.require (internal/modules/cjs/loader.js:1003:19)\n    at require (internal/modules/cjs/helpers.js:107:18)\n    at Object.<anonymous> (/Users/abhisheknagesh/projects/Bootcamp/SunbirdEd-portal/src/app/routes/googleSignInRoutes.js:3:82)\n    at Module._compile (internal/modules/cjs/loader.js:1114:14)\n    at Object.Module._extensions..js (internal/modules/cjs/loader.js:1143:10)\n    at Module.load (internal/modules/cjs/loader.js:979:32)\n    at Function.Module._load (internal/modules/cjs/loader.js:819:12)\n    at Module.require (internal/modules/cjs/loader.js:1003:19)\n    at require (internal/modules/cjs/helpers.js:107:18)\n    at Object.<anonymous> (/Users/abhisheknagesh/projects/Bootcamp/SunbirdEd-portal/src/app/server.js:241:1)\n    at Module._compile (internal/modules/cjs/loader.js:1114:14)\n    at Object.Module._extensions..js (internal/modules/cjs/loader.js:1143:10)\n    at Module.load (internal/modules/cjs/loader.js:979:32)\n    at Function.Module._load (internal/modules/cjs/loader.js:819:12)\n    at Function.executeUserEntryPoint [as runMain] (internal/modules/run_main.js:75:12)\n    at internal/main/run_main_module.js:17:47"},"exception":true,"level":"error","message":"uncaughtException: Cannot read property 'clientId' of undefined\nTypeError: Cannot read property 'clientId' of undefined\n    at Object.<anonymous> (/Users/abhisheknagesh/projects/Bootcamp/SunbirdEd-portal/src/app/helpers/googleOauthHelper.js:39:54)\n    at Module._compile (internal/modules/cjs/loader.js:1114:14)\n    at Object.Module._extensions..js (internal/modules/cjs/loader.js:1143:10)\n    at Module.load (internal/modules/cjs/loader.js:979:32)\n    at Function.Module._load (internal/modules/cjs/loader.js:819:12)\n    at Module.require (internal/modules/cjs/loader.js:1003:19)\n    at require (internal/modules/cjs/helpers.js:107:18)\n    at Object.<anonymous> (/Users/abhisheknagesh/projects/Bootcamp/SunbirdEd-portal/src/app/routes/googleSignInRoutes.js:3:82)\n    at Module._compile (internal/modules/cjs/loader.js:1114:14)\n    at Object.Module._extensions..js (internal/modules/cjs/loader.js:1143:10)\n    at Module.load (internal/modules/cjs/loader.js:979:32)\n    at Function.Module._load (internal/modules/cjs/loader.js:819:12)\n    at Module.require (internal/modules/cjs/loader.js:1003:19)\n    at require (internal/modules/cjs/helpers.js:107:18)\n    at Object.<anonymous> (/Users/abhisheknagesh/projects/Bootcamp/SunbirdEd-portal/src/app/server.js:241:1)\n    at Module._compile (internal/modules/cjs/loader.js:1114:14)\n    at Object.Module._extensions..js (internal/modules/cjs/loader.js:1143:10)\n    at Module.load (internal/modules/cjs/loader.js:979:32)\n    at Function.Module._load (internal/modules/cjs/loader.js:819:12)\n    at Function.executeUserEntryPoint [as runMain] (internal/modules/run_main.js:75:12)\n    at internal/main/run_main_module.js:17:47","os":{"loadavg":[7.64404296875,6.98046875,6.7548828125],"uptime":2193},"pdata":{"pid":"sunbird-portal-backend","ver":"5.2.0"},"process":{"argv":["/usr/local/bin/node","/Users/abhisheknagesh/projects/Bootcamp/SunbirdEd-portal/src/app/server"],"cwd":"/Users/abhisheknagesh/projects/Bootcamp/SunbirdEd-portal/src/app","execPath":"/usr/local/bin/node","gid":20,"memoryUsage":{"arrayBuffers":2966578,"external":4739981,"heapTotal":142704640,"heapUsed":114873384,"rss":206499840},"pid":7904,"uid":502,"version":"v14.21.3"},"stack":"TypeError: Cannot read property 'clientId' of undefined\n    at Object.<anonymous> (/Users/abhisheknagesh/projects/Bootcamp/SunbirdEd-portal/src/app/helpers/googleOauthHelper.js:39:54)\n    at Module._compile (internal/modules/cjs/loader.js:1114:14)\n    at Object.Module._extensions..js (internal/modules/cjs/loader.js:1143:10)\n    at Module.load (internal/modules/cjs/loader.js:979:32)\n    at Function.Module._load (internal/modules/cjs/loader.js:819:12)\n    at Module.require (internal/modules/cjs/loader.js:1003:19)\n    at require (internal/modules/cjs/helpers.js:107:18)\n    at Object.<anonymous> (/Users/abhisheknagesh/projects/Bootcamp/SunbirdEd-portal/src/app/routes/googleSignInRoutes.js:3:82)\n    at Module._compile (internal/modules/cjs/loader.js:1114:14)\n    at Object.Module._extensions..js (internal/modules/cjs/loader.js:1143:10)\n    at Module.load (internal/modules/cjs/loader.js:979:32)\n    at Function.Module._load (internal/modules/cjs/loader.js:819:12)\n    at Module.require (internal/modules/cjs/loader.js:1003:19)\n    at require (internal/modules/cjs/helpers.js:107:18)\n    at Object.<anonymous> (/Users/abhisheknagesh/projects/Bootcamp/SunbirdEd-portal/src/app/server.js:241:1)\n    at Module._compile (internal/modules/cjs/loader.js:1114:14)\n    at Object.Module._extensions..js (internal/modules/cjs/loader.js:1143:10)\n    at Module.load (internal/modules/cjs/loader.js:979:32)\n    at Function.Module._load (internal/modules/cjs/loader.js:819:12)\n    at Function.executeUserEntryPoint [as runMain] (internal/modules/run_main.js:75:12)\n    at internal/main/run_main_module.js:17:47","timestamp":"2023-02-27 14:59:15","trace":[{"column":54,"file":"/Users/abhisheknagesh/projects/Bootcamp/SunbirdEd-portal/src/app/helpers/googleOauthHelper.js","function":null,"line":39,"method":null,"native":false},{"column":14,"file":"internal/modules/cjs/loader.js","function":"Module._compile","line":1114,"method":"_compile","native":false},{"column":10,"file":"internal/modules/cjs/loader.js","function":"Module._extensions..js","line":1143,"method":".js","native":false},{"column":32,"file":"internal/modules/cjs/loader.js","function":"Module.load","line":979,"method":"load","native":false},{"column":12,"file":"internal/modules/cjs/loader.js","function":"Module._load","line":819,"method":"_load","native":false},{"column":19,"file":"internal/modules/cjs/loader.js","function":"Module.require","line":1003,"method":"require","native":false},{"column":18,"file":"internal/modules/cjs/helpers.js","function":"require","line":107,"method":null,"native":false},{"column":82,"file":"/Users/abhisheknagesh/projects/Bootcamp/SunbirdEd-portal/src/app/routes/googleSignInRoutes.js","function":null,"line":3,"method":null,"native":false},{"column":14,"file":"internal/modules/cjs/loader.js","function":"Module._compile","line":1114,"method":"_compile","native":false},{"column":10,"file":"internal/modules/cjs/loader.js","function":"Module._extensions..js","line":1143,"method":".js","native":false},{"column":32,"file":"internal/modules/cjs/loader.js","function":"Module.load","line":979,"method":"load","native":false},{"column":12,"file":"internal/modules/cjs/loader.js","function":"Module._load","line":819,"method":"_load","native":false},{"column":19,"file":"internal/modules/cjs/loader.js","function":"Module.require","line":1003,"method":"require","native":false},{"column":18,"file":"internal/modules/cjs/helpers.js","function":"require","line":107,"method":null,"native":false},{"column":1,"file":"/Users/abhisheknagesh/projects/Bootcamp/SunbirdEd-portal/src/app/server.js","function":null,"line":241,"method":null,"native":false},{"column":14,"file":"internal/modules/cjs/loader.js","function":"Module._compile","line":1114,"method":"_compile","native":false},{"column":10,"file":"internal/modules/cjs/loader.js","function":"Module._extensions..js","line":1143,"method":".js","native":false},{"column":32,"file":"internal/modules/cjs/loader.js","function":"Module.load","line":979,"method":"load","native":false},{"column":12,"file":"internal/modules/cjs/loader.js","function":"Module._load","line":819,"method":"_load","native":false},{"column":12,"file":"internal/modules/run_main.js","function":"Function.executeUserEntryPoint [as runMain]","line":75,"method":"executeUserEntryPoint [as runMain]","native":false},{"column":47,"file":"internal/main/run_main_module.js","function":null,"line":17,"method":null,"native":false}]}